node,polarity,fan_size
1,neutral,233
2,neutral,9714
3,neutral,1474
4,neutral,92807
5,neutral,9618
6,neutral,2556
7,neutral,3107
8,neutral,751
9,neutral,9114
10,neutral,36611
11,neutral,13001
12,neutral,572
13,neutral,8188026
14,neutral,332
15,neutral,392141
16,neutral,873
17,neutral,2589
18,neutral,1510
19,neutral,4130
20,neutral,45
21,neutral,1429
22,neutral,595
23,neutral,638
24,neutral,2760
25,neutral,6238
26,neutral,131248
27,neutral,197
28,neutral,119
29,neutral,146
30,neutral,32612
31,neutral,58086
32,neutral,960
33,neutral,29676
34,neutral,1430
35,neutral,5194
36,neutral,55340
37,neutral,2454615
38,neutral,4824
39,neutral,859
40,neutral,17386
41,neutral,10936
42,neutral,806
43,neutral,4856
44,neutral,3920
45,neutral,33845
46,neutral,1175
47,neutral,902
48,neutral,1578
49,neutral,787
50,neutral,8355
51,neutral,221
52,neutral,10124
53,neutral,8192
54,neutral,8665
55,neutral,91
56,neutral,4500
57,neutral,1146
58,neutral,76511
59,neutral,2502809
60,neutral,52065
61,neutral,36965
62,neutral,1706
63,neutral,15903
64,neutral,14314
65,neutral,548
66,neutral,14753658
67,neutral,225
68,neutral,6277
69,neutral,344890
70,neutral,3872
71,neutral,20506
72,neutral,2924
73,neutral,75197
74,neutral,2153
75,neutral,1941
76,neutral,2306
77,neutral,238
78,neutral,17721
79,neutral,1961
80,neutral,1096
81,neutral,2615
82,neutral,1371
83,neutral,1968
84,neutral,1558
85,neutral,5464
86,neutral,1215
87,neutral,3163
88,neutral,7928
89,neutral,10116
90,neutral,56
91,neutral,1352
92,neutral,3674
93,neutral,44
94,neutral,602
95,neutral,3999
96,neutral,12104
97,neutral,1588
98,neutral,334469
99,neutral,13622
100,neutral,1080
101,neutral,12102
102,neutral,84
103,neutral,2547
104,neutral,414
105,neutral,1715
106,neutral,1097
107,neutral,337
108,neutral,28940
109,neutral,59
110,neutral,379
111,neutral,984
112,neutral,179
113,neutral,558
114,neutral,8382
115,neutral,365
116,neutral,64920
117,neutral,1099
118,neutral,184
119,neutral,65549
120,neutral,266
121,neutral,9681
122,neutral,64563
123,neutral,15539
124,neutral,3638
125,neutral,102
126,neutral,1027
127,neutral,37
128,neutral,801
129,neutral,4892
130,neutral,36821
131,neutral,290062
132,neutral,375
133,neutral,2663
134,neutral,514
135,neutral,28
136,neutral,1303
137,neutral,4186
138,neutral,1237
139,neutral,1744
140,neutral,952
141,neutral,177
142,neutral,31045
143,neutral,51
144,neutral,3170
145,neutral,203071
146,neutral,23542
147,neutral,15254
148,neutral,47848
149,neutral,470
150,neutral,6184
151,neutral,2094
152,neutral,3126
153,neutral,4447
154,neutral,769
155,neutral,1382
156,neutral,184
157,neutral,849
158,neutral,6026
159,neutral,501
160,neutral,944
161,neutral,130969
162,neutral,2958
163,neutral,20694
164,neutral,3498
165,neutral,60
166,neutral,17527
167,neutral,125478
168,neutral,1629
169,neutral,119194
170,neutral,3352
171,neutral,3808
172,neutral,815
173,neutral,2913
174,neutral,44
175,neutral,2977
176,neutral,3345
177,neutral,3811
178,neutral,31079
179,neutral,2188
180,neutral,4777
181,neutral,319839
182,neutral,5924
183,neutral,1080
184,neutral,158
185,neutral,1392
186,neutral,26
187,neutral,11807
188,neutral,55
189,neutral,4218
190,neutral,210
191,neutral,269
192,neutral,2887948
193,neutral,34271
194,neutral,2394
195,neutral,93
196,neutral,418477
197,neutral,27153
198,neutral,793702
199,neutral,18504
200,neutral,434
201,neutral,20805
202,neutral,649
203,neutral,6980
204,neutral,3104
205,neutral,12214
206,neutral,1228
207,neutral,5560
208,neutral,6659
209,neutral,231322
210,neutral,318
211,neutral,5083
212,neutral,22397
213,neutral,21022
214,neutral,140
215,neutral,5554
216,neutral,1002
217,neutral,5548
218,neutral,337
219,neutral,136514
220,neutral,1461
221,neutral,4468
222,neutral,8378
223,neutral,2010
224,neutral,10237
225,neutral,281
226,neutral,22025
227,neutral,1463161
228,neutral,123305
229,neutral,918
230,neutral,7994
231,neutral,1285
232,neutral,31
233,neutral,11605758
234,neutral,1931
235,neutral,524
236,neutral,1963
237,neutral,806
238,neutral,363
239,neutral,10831
240,neutral,929
241,neutral,501
242,neutral,206
243,neutral,8797
244,neutral,2887
245,neutral,23008
246,neutral,4575
247,neutral,2440
248,neutral,1834
249,neutral,165
250,neutral,16979
251,neutral,372
252,neutral,735
253,neutral,1295
254,neutral,144
255,neutral,2765
256,neutral,13383
257,neutral,1717
258,neutral,326529
259,neutral,14137
260,neutral,22641
261,neutral,834
262,neutral,119
263,neutral,1170
264,neutral,937
265,neutral,79
266,neutral,15046
267,neutral,409239
268,neutral,46265
269,neutral,1441
270,neutral,283
271,neutral,307
272,neutral,807
273,neutral,613
274,neutral,3538
275,neutral,556
276,neutral,5346
277,neutral,212
278,neutral,69790
279,neutral,326
280,neutral,4552
281,neutral,3542
282,neutral,3192
283,neutral,1678
284,neutral,22287
285,neutral,20191
286,neutral,150738
287,neutral,3313
288,neutral,1251
289,neutral,65898
290,neutral,6472
291,neutral,753
292,neutral,18454
293,neutral,930
294,neutral,1924
295,neutral,5068
296,neutral,53241
297,neutral,1584877
298,neutral,243
299,neutral,116
300,neutral,130
301,neutral,43
302,neutral,39009
303,neutral,4523
304,neutral,128269
305,neutral,102
306,neutral,43604
307,neutral,718
308,neutral,12070
309,neutral,3302
310,neutral,292
311,neutral,421
312,neutral,17045
313,neutral,41555
314,neutral,6930
315,neutral,165347
316,neutral,852
317,neutral,221
318,neutral,283228
319,neutral,13807
320,neutral,2019
321,neutral,891
322,neutral,33089
323,neutral,5715
324,neutral,8089
325,neutral,73237
326,neutral,129
327,neutral,4259
328,neutral,14054
329,neutral,169957
330,neutral,6127
331,neutral,656
332,neutral,4099
333,neutral,67
334,neutral,47472
335,neutral,136039
336,neutral,282
337,neutral,31122
338,neutral,8666
339,neutral,443
340,neutral,429
341,neutral,38243
342,neutral,6114
343,neutral,108511
344,neutral,129927
345,neutral,37660
346,neutral,25678
347,neutral,2601
348,neutral,17473
349,neutral,102642
350,neutral,1694
351,neutral,1330
352,neutral,571
353,neutral,1380
354,neutral,97948
355,neutral,487
356,neutral,30378
357,neutral,429
359,neutral,811
360,neutral,12024
361,neutral,1038080
362,neutral,47237
363,neutral,544
364,neutral,10148
365,neutral,214
366,neutral,107583
367,neutral,30211
368,neutral,73
369,neutral,789
370,neutral,209
371,neutral,2561
372,neutral,608
373,neutral,737
374,neutral,16987
375,neutral,540
376,neutral,7450
377,neutral,8269
378,neutral,2984
379,neutral,66696
380,neutral,641108
381,neutral,8636
382,neutral,333
383,neutral,1628
384,neutral,2202
385,neutral,9004
386,neutral,845
387,neutral,616
388,neutral,10890
389,neutral,4858
390,neutral,3873
391,neutral,355
392,neutral,3639
393,neutral,235
394,neutral,10388
395,neutral,1181
396,neutral,7166
397,neutral,3792
398,neutral,432
399,neutral,1799
400,neutral,1687
401,neutral,7394
402,neutral,183
403,neutral,170
404,neutral,1511
405,neutral,265393
406,neutral,324
407,neutral,3060
408,neutral,1707
409,neutral,130
410,neutral,320
411,neutral,129
412,neutral,5130
413,neutral,406
414,neutral,143
415,neutral,47647
416,neutral,148
417,neutral,2635
418,neutral,1005
419,neutral,207
420,neutral,926
421,neutral,14423
422,neutral,1162676
423,neutral,4499
424,neutral,11521
425,neutral,9290
426,neutral,919
427,neutral,3256
428,neutral,315
429,neutral,1265
430,neutral,27932
431,neutral,291
432,neutral,545
433,neutral,260996
434,neutral,212340
435,neutral,2576
436,neutral,18489
437,neutral,2176
438,neutral,11306
439,neutral,14004
440,neutral,1620
441,neutral,476
443,neutral,2642
444,neutral,1912
446,neutral,12799
447,neutral,391
448,neutral,31763
449,neutral,98
450,neutral,323716
451,neutral,10725
452,neutral,11958
454,neutral,1845
455,neutral,1010
456,neutral,61
457,neutral,2707
458,neutral,1336790
459,neutral,1803
460,neutral,7228
461,neutral,804021
462,neutral,1128
463,neutral,161
464,neutral,36833
465,neutral,711
466,neutral,169
467,neutral,357
468,neutral,2612
469,neutral,251
470,neutral,1677
473,neutral,293
474,neutral,168
475,neutral,1210
476,neutral,431
477,neutral,501
478,neutral,867
479,neutral,396
480,neutral,338
481,neutral,190
482,neutral,2696
483,neutral,1138
484,neutral,231116
485,neutral,25846
486,neutral,2844
487,neutral,32939
488,neutral,11395
489,neutral,21085
490,neutral,2107
491,neutral,25
492,neutral,8856
493,neutral,26516
494,neutral,81037
495,neutral,47
496,neutral,1372
497,neutral,10809
498,neutral,9598
499,neutral,614654
500,neutral,33313
501,neutral,1213
502,neutral,4683
503,neutral,440218
504,neutral,94
505,neutral,9339
506,neutral,1531
507,neutral,588
508,neutral,50
509,neutral,147
510,neutral,3186
511,neutral,1162
512,neutral,2220
513,neutral,1132
514,neutral,795
515,neutral,2012
516,neutral,134
517,neutral,4056
518,neutral,11041
519,neutral,3100
520,neutral,15470
521,neutral,5438
522,neutral,1249
523,neutral,585
524,neutral,547
525,neutral,3202
527,neutral,1161
528,neutral,346
529,neutral,548
530,neutral,31576
531,neutral,54650
532,neutral,66
533,neutral,4613
534,neutral,111418
535,neutral,8379
536,neutral,840
537,neutral,801
538,neutral,1281
539,neutral,940
540,neutral,334
541,neutral,200
542,neutral,3719
543,neutral,549
544,neutral,2197
545,neutral,92
546,neutral,32740
547,neutral,19613
548,neutral,3658
549,neutral,5592
550,neutral,1106
551,neutral,1402
552,neutral,125
553,neutral,5538
554,neutral,12153
555,neutral,24753
556,neutral,954
557,neutral,132
558,neutral,193
559,neutral,867
560,neutral,8958
561,neutral,333
562,neutral,5860
563,neutral,28276
564,neutral,3520
565,neutral,1023
566,neutral,617
567,neutral,1013
568,neutral,292966
569,neutral,574
570,neutral,1032265
571,neutral,1671
572,neutral,360
573,neutral,8288
574,neutral,165
575,neutral,79
576,neutral,42979
577,neutral,1536
578,neutral,2512
579,neutral,6755
580,neutral,240
581,neutral,228
582,neutral,2741
583,neutral,343
584,neutral,188
585,neutral,2793
586,neutral,10716
587,neutral,539
588,neutral,82
589,neutral,4189
590,neutral,29
591,neutral,6672
592,neutral,1625
593,neutral,425
594,neutral,1475
595,neutral,705
596,neutral,9043
597,neutral,216
598,neutral,2032
599,neutral,4659
600,neutral,440
601,neutral,1016
602,neutral,628
603,neutral,565
604,neutral,657
605,neutral,7425
606,neutral,9498
607,neutral,5558
608,neutral,2093
609,neutral,5267
610,neutral,39
611,neutral,8042
612,neutral,13025
613,neutral,223508
614,neutral,5293
615,neutral,5438
616,neutral,954
617,neutral,1699
618,neutral,45
619,neutral,5398
620,neutral,161
621,neutral,1923
622,neutral,4102
623,neutral,55993
624,neutral,10826
625,neutral,124670
626,neutral,1349
627,neutral,37
628,neutral,280
629,neutral,15241
630,neutral,1598
631,neutral,9352
632,neutral,144355
633,neutral,27103
634,neutral,5281
635,neutral,362
636,neutral,15878
637,neutral,2637
638,neutral,653
639,neutral,500
640,neutral,346
641,neutral,749
642,neutral,575054
643,neutral,158
644,neutral,21240
645,neutral,15219
646,neutral,92
647,neutral,382
648,neutral,6749
649,neutral,4986
650,neutral,32486
651,neutral,6169
358,anti_vaccines,1004
526,anti_vaccines,284
652,anti_vaccines,259
653,anti_vaccines,3746
656,anti_vaccines,120
658,anti_vaccines,228
659,anti_vaccines,1650
660,anti_vaccines,2966
661,anti_vaccines,2449
662,anti_vaccines,1971
664,anti_vaccines,503
665,anti_vaccines,979
667,anti_vaccines,1765
668,anti_vaccines,3472
669,anti_vaccines,193
670,anti_vaccines,547
677,anti_vaccines,634
678,anti_vaccines,1030
679,anti_vaccines,573
680,anti_vaccines,3202
681,anti_vaccines,123
682,anti_vaccines,1230
683,anti_vaccines,3645
684,anti_vaccines,1006
685,anti_vaccines,5333
686,anti_vaccines,12750
689,anti_vaccines,951
690,anti_vaccines,248
691,anti_vaccines,2083
694,anti_vaccines,1721
698,anti_vaccines,365
699,anti_vaccines,541636
704,anti_vaccines,923
705,anti_vaccines,2332
706,anti_vaccines,505303
710,anti_vaccines,9029
711,anti_vaccines,513
712,anti_vaccines,1649
713,anti_vaccines,20653
714,anti_vaccines,95209
715,anti_vaccines,2389
716,anti_vaccines,10485
718,anti_vaccines,29427
719,anti_vaccines,1818
720,anti_vaccines,7434
721,anti_vaccines,94530
722,anti_vaccines,467729
724,anti_vaccines,11997
725,anti_vaccines,228
728,anti_vaccines,24231
730,anti_vaccines,131962
731,anti_vaccines,2930
732,anti_vaccines,24910
733,anti_vaccines,71
734,anti_vaccines,1969
735,anti_vaccines,44
736,anti_vaccines,27488
738,anti_vaccines,4655
739,anti_vaccines,160
741,anti_vaccines,215167
742,anti_vaccines,6356
743,anti_vaccines,38355
744,anti_vaccines,428
747,anti_vaccines,4103
748,anti_vaccines,2131
749,anti_vaccines,2419
752,anti_vaccines,3404
753,anti_vaccines,1405
754,anti_vaccines,1226
758,anti_vaccines,93473
759,anti_vaccines,140
762,anti_vaccines,11931
764,anti_vaccines,4392
765,anti_vaccines,620
766,anti_vaccines,332
767,anti_vaccines,4946
769,anti_vaccines,389
770,anti_vaccines,2725
772,anti_vaccines,13076
775,anti_vaccines,5563
776,anti_vaccines,2029
777,anti_vaccines,7492
779,anti_vaccines,778
780,anti_vaccines,3056
782,anti_vaccines,5505
783,anti_vaccines,8704
784,anti_vaccines,10572
787,anti_vaccines,14543
790,anti_vaccines,5435
791,anti_vaccines,3075
792,anti_vaccines,1407
795,anti_vaccines,1564
796,anti_vaccines,29
799,anti_vaccines,508
800,anti_vaccines,23479
803,anti_vaccines,3003
804,anti_vaccines,891
807,anti_vaccines,12387
810,anti_vaccines,883
812,anti_vaccines,848
813,anti_vaccines,541801
814,anti_vaccines,3353
815,anti_vaccines,993
816,anti_vaccines,9809
818,anti_vaccines,3048
819,anti_vaccines,1106
821,anti_vaccines,5124
824,anti_vaccines,170
825,anti_vaccines,9328
826,anti_vaccines,858
827,anti_vaccines,3210
829,anti_vaccines,6348
830,anti_vaccines,3152
831,anti_vaccines,676
832,anti_vaccines,4428
834,anti_vaccines,857
835,anti_vaccines,12468
837,anti_vaccines,553
838,anti_vaccines,86
839,anti_vaccines,218340
840,anti_vaccines,5082
841,anti_vaccines,1612
843,anti_vaccines,190
845,anti_vaccines,18116
846,anti_vaccines,545
848,anti_vaccines,657
849,anti_vaccines,852
850,anti_vaccines,413
851,anti_vaccines,59070
852,anti_vaccines,408
853,anti_vaccines,661
854,anti_vaccines,1008
855,anti_vaccines,1847
856,anti_vaccines,1961
857,anti_vaccines,2700
858,anti_vaccines,2369
859,anti_vaccines,837
860,anti_vaccines,660
862,anti_vaccines,2289
863,anti_vaccines,1239
865,anti_vaccines,13389
866,anti_vaccines,1003
867,anti_vaccines,908
868,anti_vaccines,364
869,anti_vaccines,4884
870,anti_vaccines,34
871,anti_vaccines,1682
875,anti_vaccines,214
877,anti_vaccines,1378
878,anti_vaccines,2879
879,anti_vaccines,10765
881,anti_vaccines,2160
882,anti_vaccines,1584
883,anti_vaccines,374
885,anti_vaccines,1290
886,anti_vaccines,31
889,anti_vaccines,849
891,anti_vaccines,8060
893,anti_vaccines,117
894,anti_vaccines,389
895,anti_vaccines,133
896,anti_vaccines,26
897,anti_vaccines,401
899,anti_vaccines,30972
900,anti_vaccines,42481
901,anti_vaccines,3649
904,anti_vaccines,23709
906,anti_vaccines,32173
907,anti_vaccines,161
908,anti_vaccines,981
909,anti_vaccines,1844
910,anti_vaccines,51
912,anti_vaccines,916
913,anti_vaccines,5290
914,anti_vaccines,176
916,anti_vaccines,2422
917,anti_vaccines,15406
918,anti_vaccines,122
921,anti_vaccines,2883
922,anti_vaccines,8017
923,anti_vaccines,1539
924,anti_vaccines,590
927,anti_vaccines,2474
929,anti_vaccines,302
930,anti_vaccines,84
931,anti_vaccines,231
932,anti_vaccines,198
933,anti_vaccines,129
935,anti_vaccines,32141
936,anti_vaccines,469
938,anti_vaccines,1534
939,anti_vaccines,3493
940,anti_vaccines,3830
941,anti_vaccines,2328
942,anti_vaccines,1550
943,anti_vaccines,195
944,anti_vaccines,591051
946,anti_vaccines,67
947,anti_vaccines,8086
949,anti_vaccines,1124
950,anti_vaccines,1880
951,anti_vaccines,493
952,anti_vaccines,288
954,anti_vaccines,2653
955,anti_vaccines,5859
957,anti_vaccines,549
959,anti_vaccines,4471
961,anti_vaccines,288
962,anti_vaccines,2804
964,anti_vaccines,6041
965,anti_vaccines,1587
966,anti_vaccines,238
968,anti_vaccines,144
969,anti_vaccines,234010
970,anti_vaccines,375
972,anti_vaccines,3552
973,anti_vaccines,1682
974,anti_vaccines,1845
975,anti_vaccines,1172
976,anti_vaccines,10713
977,anti_vaccines,2760
979,anti_vaccines,27
980,anti_vaccines,696
981,anti_vaccines,133
982,anti_vaccines,1282
984,anti_vaccines,1155
985,anti_vaccines,104
986,anti_vaccines,3483
987,anti_vaccines,976
988,anti_vaccines,59
989,anti_vaccines,77
990,anti_vaccines,2257
991,anti_vaccines,8584
995,anti_vaccines,1785
996,anti_vaccines,4844
998,anti_vaccines,2326
999,anti_vaccines,351
1001,anti_vaccines,1945
1003,anti_vaccines,2513
1004,anti_vaccines,1975
1005,anti_vaccines,89
1008,anti_vaccines,4023
1009,anti_vaccines,18508
1010,anti_vaccines,484
1011,anti_vaccines,1444
1012,anti_vaccines,291
1013,anti_vaccines,5123
1015,anti_vaccines,472
1016,anti_vaccines,4706
1017,anti_vaccines,51
1018,anti_vaccines,527
1019,anti_vaccines,291
1020,anti_vaccines,4084
1021,anti_vaccines,495
1022,anti_vaccines,180
1024,anti_vaccines,2900
1025,anti_vaccines,1197
1026,anti_vaccines,20979
1027,anti_vaccines,762
1028,anti_vaccines,233
1030,anti_vaccines,554
1031,anti_vaccines,3073
1033,anti_vaccines,3350
1034,anti_vaccines,1634
1035,anti_vaccines,33
1036,anti_vaccines,1396
1040,anti_vaccines,345
1041,anti_vaccines,235183
1042,anti_vaccines,2970
1044,anti_vaccines,673
1046,anti_vaccines,1525
1047,anti_vaccines,1184
1049,anti_vaccines,26
1050,anti_vaccines,7240
1051,anti_vaccines,2247
1053,anti_vaccines,712
1054,anti_vaccines,1087
1055,anti_vaccines,2936
1056,anti_vaccines,721
1057,anti_vaccines,981
1059,anti_vaccines,719
1060,anti_vaccines,28072
1064,anti_vaccines,896
1065,anti_vaccines,1347
1066,anti_vaccines,272
1067,anti_vaccines,4757
1069,anti_vaccines,2396
1070,anti_vaccines,1874
1071,anti_vaccines,574
1072,anti_vaccines,422
1073,anti_vaccines,467
1074,anti_vaccines,26482
1075,anti_vaccines,564
1076,anti_vaccines,236
1077,anti_vaccines,256
1078,anti_vaccines,12354
1079,anti_vaccines,13545
1081,anti_vaccines,16402
1082,anti_vaccines,30
1083,anti_vaccines,1463
1084,anti_vaccines,1383
1085,anti_vaccines,1832
1087,anti_vaccines,3874
1088,anti_vaccines,1965
1089,anti_vaccines,290
1091,anti_vaccines,743
1092,anti_vaccines,315
1093,anti_vaccines,136793
1094,anti_vaccines,563917
1096,anti_vaccines,1197
1098,anti_vaccines,2008
1099,anti_vaccines,2018
1103,anti_vaccines,884
1104,anti_vaccines,1803
1105,anti_vaccines,804
1108,anti_vaccines,3317
1109,anti_vaccines,125
1110,anti_vaccines,1001
1112,anti_vaccines,1225
1113,anti_vaccines,1672
1114,anti_vaccines,1271
1115,anti_vaccines,2845
1116,anti_vaccines,2112
1117,anti_vaccines,12035
1118,anti_vaccines,12166
1119,anti_vaccines,47
1120,anti_vaccines,1021
1121,anti_vaccines,2386
1123,anti_vaccines,854
1124,anti_vaccines,11622
1125,anti_vaccines,1095
1126,anti_vaccines,1418
1127,anti_vaccines,912
1128,anti_vaccines,15198
1130,anti_vaccines,3100
1131,anti_vaccines,537
1132,anti_vaccines,5055
1133,anti_vaccines,1477
1134,anti_vaccines,5522
1136,anti_vaccines,2017
1137,anti_vaccines,4819
1138,anti_vaccines,3751
1139,anti_vaccines,942
1140,anti_vaccines,4303
1141,anti_vaccines,422
1142,anti_vaccines,3133
1143,anti_vaccines,105
1144,anti_vaccines,6182
1145,anti_vaccines,324
1146,anti_vaccines,437
1147,anti_vaccines,1523
1148,anti_vaccines,14419
1149,anti_vaccines,85
1150,anti_vaccines,41779
1151,anti_vaccines,999
1152,anti_vaccines,688
1154,anti_vaccines,1739
1156,anti_vaccines,10063
1157,anti_vaccines,933
1158,anti_vaccines,809
1159,anti_vaccines,121
1160,anti_vaccines,203
1161,anti_vaccines,35447
1162,anti_vaccines,1306
1167,anti_vaccines,8130
1168,anti_vaccines,5326
1169,anti_vaccines,684
1171,anti_vaccines,419
1173,anti_vaccines,723
1175,anti_vaccines,1353
1176,anti_vaccines,723
1177,anti_vaccines,160
1179,anti_vaccines,1125
1181,anti_vaccines,300
1183,anti_vaccines,1038
1184,anti_vaccines,3467
1185,anti_vaccines,42431
1186,anti_vaccines,751
1187,anti_vaccines,18928
1188,anti_vaccines,4378
1189,anti_vaccines,84
1190,anti_vaccines,12407
1191,anti_vaccines,26
1193,anti_vaccines,3072
1195,anti_vaccines,649
1197,anti_vaccines,1237
1199,anti_vaccines,8221
1200,anti_vaccines,2583
1201,anti_vaccines,2172
1203,anti_vaccines,251
1204,anti_vaccines,812
1205,anti_vaccines,93
1206,anti_vaccines,3587
1207,anti_vaccines,503
1209,anti_vaccines,5544
1210,anti_vaccines,2704
1211,anti_vaccines,3151
1212,anti_vaccines,550
1214,anti_vaccines,1636
1215,anti_vaccines,1639
1216,anti_vaccines,242
1218,anti_vaccines,1485
1219,anti_vaccines,580
1222,anti_vaccines,1368
1223,anti_vaccines,5413
1224,anti_vaccines,1372
1225,anti_vaccines,1101
1226,anti_vaccines,4822
1227,anti_vaccines,1057
1228,anti_vaccines,4035
1229,anti_vaccines,1382
1230,anti_vaccines,3500
1234,anti_vaccines,555
1236,anti_vaccines,7959
1237,anti_vaccines,961
1238,anti_vaccines,346
1239,anti_vaccines,68
1240,anti_vaccines,485
1241,anti_vaccines,905
1243,anti_vaccines,2923
1245,anti_vaccines,649
1246,anti_vaccines,150
1249,anti_vaccines,174262
1250,anti_vaccines,346
1251,anti_vaccines,389
1252,anti_vaccines,231
1255,anti_vaccines,897
1256,anti_vaccines,1714
1257,anti_vaccines,6200
1258,anti_vaccines,4740
1259,anti_vaccines,30686
1261,anti_vaccines,333
1262,anti_vaccines,1503
1264,anti_vaccines,136
1265,anti_vaccines,594
1267,anti_vaccines,15722
1270,anti_vaccines,15776
1271,anti_vaccines,1606
1272,anti_vaccines,107569
1273,anti_vaccines,3849
1276,anti_vaccines,1221
1278,anti_vaccines,1909
1279,anti_vaccines,139820
1280,anti_vaccines,263
1281,anti_vaccines,3903
1282,anti_vaccines,3007
1283,anti_vaccines,19264
1284,anti_vaccines,8039
1285,anti_vaccines,1162
1286,anti_vaccines,16915
1287,anti_vaccines,1621
1289,anti_vaccines,6061
1290,anti_vaccines,579
1291,anti_vaccines,124
1292,anti_vaccines,930
1293,anti_vaccines,256
1294,anti_vaccines,12548
1298,anti_vaccines,109658
1299,anti_vaccines,1758
1302,anti_vaccines,1617
1303,anti_vaccines,17
1306,anti_vaccines,3531
1307,anti_vaccines,139
1308,anti_vaccines,158557
1311,anti_vaccines,47441
1312,anti_vaccines,10471
1313,anti_vaccines,496
1314,anti_vaccines,4746
1317,anti_vaccines,7277
1318,anti_vaccines,237
1319,anti_vaccines,2144
1320,anti_vaccines,9068
1321,anti_vaccines,1636
1322,anti_vaccines,28
1323,anti_vaccines,22
1324,anti_vaccines,2381
1325,anti_vaccines,863
1328,anti_vaccines,1625
1329,anti_vaccines,46938
1330,anti_vaccines,136
1331,anti_vaccines,349
1332,anti_vaccines,535
1333,anti_vaccines,18
1334,anti_vaccines,15776
1335,anti_vaccines,1072
1337,anti_vaccines,13100
1339,anti_vaccines,828
1340,anti_vaccines,1918
1341,anti_vaccines,97
1342,anti_vaccines,64
1343,anti_vaccines,9268
1344,anti_vaccines,4276
1345,anti_vaccines,68830
1348,anti_vaccines,2431
1349,anti_vaccines,464
1350,anti_vaccines,972
1351,anti_vaccines,7294
1352,anti_vaccines,103087
1353,anti_vaccines,105
1354,anti_vaccines,275
1356,anti_vaccines,1238
442,pro_vaccines,2
445,pro_vaccines,3181
453,pro_vaccines,506
471,pro_vaccines,2171
472,pro_vaccines,523
654,pro_vaccines,1510
655,pro_vaccines,3170
657,pro_vaccines,25132
663,pro_vaccines,414
666,pro_vaccines,1113
671,pro_vaccines,20449
672,pro_vaccines,2429
673,pro_vaccines,3098
674,pro_vaccines,999
675,pro_vaccines,1409579
676,pro_vaccines,407
687,pro_vaccines,7984
688,pro_vaccines,4107
692,pro_vaccines,3522
693,pro_vaccines,948
695,pro_vaccines,603
696,pro_vaccines,585
697,pro_vaccines,6789
700,pro_vaccines,230
701,pro_vaccines,614
702,pro_vaccines,1520145
703,pro_vaccines,113
707,pro_vaccines,2809
708,pro_vaccines,36861
709,pro_vaccines,700
717,pro_vaccines,15231
723,pro_vaccines,23269
726,pro_vaccines,474
727,pro_vaccines,72
729,pro_vaccines,1378
737,pro_vaccines,248
740,pro_vaccines,1877
745,pro_vaccines,3797
746,pro_vaccines,4215
750,pro_vaccines,5113
751,pro_vaccines,40733
755,pro_vaccines,237188
756,pro_vaccines,7769
757,pro_vaccines,22471
760,pro_vaccines,172875
761,pro_vaccines,961
763,pro_vaccines,3543
768,pro_vaccines,162
771,pro_vaccines,275
773,pro_vaccines,899
774,pro_vaccines,3621
778,pro_vaccines,70715
781,pro_vaccines,29
785,pro_vaccines,34242
786,pro_vaccines,5711
788,pro_vaccines,758
789,pro_vaccines,275
793,pro_vaccines,3504
794,pro_vaccines,24139
797,pro_vaccines,1383
798,pro_vaccines,1663
801,pro_vaccines,1410
802,pro_vaccines,231768
805,pro_vaccines,25222
806,pro_vaccines,9642
808,pro_vaccines,25471
809,pro_vaccines,927
811,pro_vaccines,735
817,pro_vaccines,315683
820,pro_vaccines,99
822,pro_vaccines,5762
823,pro_vaccines,63629
828,pro_vaccines,2763
833,pro_vaccines,338
836,pro_vaccines,17434
842,pro_vaccines,774
844,pro_vaccines,771
847,pro_vaccines,56
861,pro_vaccines,19312
864,pro_vaccines,364
872,pro_vaccines,149
873,pro_vaccines,6794
874,pro_vaccines,461
876,pro_vaccines,3839
880,pro_vaccines,444
884,pro_vaccines,13594
887,pro_vaccines,325
888,pro_vaccines,894
890,pro_vaccines,5628
892,pro_vaccines,2984
898,pro_vaccines,38826
902,pro_vaccines,299
903,pro_vaccines,314
905,pro_vaccines,623
911,pro_vaccines,323
915,pro_vaccines,95
919,pro_vaccines,513
920,pro_vaccines,11828
925,pro_vaccines,3412
926,pro_vaccines,8852
928,pro_vaccines,54
934,pro_vaccines,2633
937,pro_vaccines,229481
945,pro_vaccines,40272
948,pro_vaccines,546
953,pro_vaccines,3429
956,pro_vaccines,975
958,pro_vaccines,349
960,pro_vaccines,46
963,pro_vaccines,189
967,pro_vaccines,1634
971,pro_vaccines,242
978,pro_vaccines,40451
983,pro_vaccines,7378
992,pro_vaccines,374
993,pro_vaccines,42181
994,pro_vaccines,2505557
997,pro_vaccines,1675758
1000,pro_vaccines,1486
1002,pro_vaccines,73
1006,pro_vaccines,833
1007,pro_vaccines,8857
1014,pro_vaccines,674
1023,pro_vaccines,8308
1029,pro_vaccines,12745
1032,pro_vaccines,2680
1037,pro_vaccines,5178
1038,pro_vaccines,1087
1039,pro_vaccines,11429
1043,pro_vaccines,2684
1045,pro_vaccines,740
1048,pro_vaccines,79767
1052,pro_vaccines,471
1058,pro_vaccines,874
1061,pro_vaccines,797
1062,pro_vaccines,4700
1063,pro_vaccines,428
1068,pro_vaccines,576690
1080,pro_vaccines,835
1086,pro_vaccines,189
1090,pro_vaccines,789
1095,pro_vaccines,267
1097,pro_vaccines,264
1100,pro_vaccines,2982
1101,pro_vaccines,19101
1102,pro_vaccines,194013
1106,pro_vaccines,1733137
1107,pro_vaccines,35092
1111,pro_vaccines,1075
1122,pro_vaccines,1369
1129,pro_vaccines,7566
1135,pro_vaccines,217
1153,pro_vaccines,2073
1155,pro_vaccines,3292
1163,pro_vaccines,2117
1164,pro_vaccines,67
1165,pro_vaccines,42990
1166,pro_vaccines,5118
1170,pro_vaccines,4185
1172,pro_vaccines,538
1174,pro_vaccines,24209
1178,pro_vaccines,1370
1180,pro_vaccines,689
1182,pro_vaccines,22
1192,pro_vaccines,6423
1194,pro_vaccines,845
1196,pro_vaccines,10093
1198,pro_vaccines,13917
1202,pro_vaccines,1562
1208,pro_vaccines,251
1213,pro_vaccines,208
1217,pro_vaccines,1193
1220,pro_vaccines,245
1221,pro_vaccines,11301
1231,pro_vaccines,2118
1232,pro_vaccines,823
1233,pro_vaccines,3532
1235,pro_vaccines,17527
1242,pro_vaccines,472
1244,pro_vaccines,1409
1247,pro_vaccines,6654
1248,pro_vaccines,13228
1253,pro_vaccines,1941
1254,pro_vaccines,15392
1260,pro_vaccines,2204
1263,pro_vaccines,20
1266,pro_vaccines,254
1268,pro_vaccines,5559
1269,pro_vaccines,177
1274,pro_vaccines,462
1275,pro_vaccines,31
1277,pro_vaccines,48193
1288,pro_vaccines,17499
1295,pro_vaccines,153327
1296,pro_vaccines,35944
1297,pro_vaccines,16611
1300,pro_vaccines,6248
1301,pro_vaccines,8532
1304,pro_vaccines,1789
1305,pro_vaccines,1182
1309,pro_vaccines,12445
1310,pro_vaccines,25501
1315,pro_vaccines,6517
1316,pro_vaccines,812
1326,pro_vaccines,453650
1327,pro_vaccines,561
1336,pro_vaccines,561
1338,pro_vaccines,12896
1346,pro_vaccines,1261
1347,pro_vaccines,174197
1355,pro_vaccines,301
